op_id	desc	proc	level
1318554959872	Operation <1318554959872>		
1	main <1>	CPU Processor 0x1d00000000000005	2
3	Pending Partition Operation <3>		
4	init_points <4>	CPU Processor 0x1d00000000000006	2
5	Fill Operation <5>		
373662154752	Operation <373662154752>		
7	Fill Operation <7>		
8	Fill Operation <8>		
9	Fill Operation <9>		
10	Fill Operation <10>		
11	Fill Operation <11>		
12	Fill Operation <12>		
13	Copy Operation <13>		
14	time_measurement <14>	CPU Processor 0x1d00000000000005	3
15	update_density <15>		
16	Copy Operation <16>		
17	update_by_pressure_force <17>		
18	integrate <18>		
19	Copy Operation <19>		
20	Copy Operation <20>		
21	Copy Operation <21>		
22	Copy Operation <22>		
23	Copy Operation <23>		
24	update_density <24>		
25	Copy Operation <25>		
26	update_by_pressure_force <26>		
27	integrate <27>		
28	Copy Operation <28>		
29	Copy Operation <29>		
30	Copy Operation <30>		
73014444032	Operation <73014444032>		
32	Copy Operation <32>		
33	update_density <33>		
34	Copy Operation <34>		
35	update_by_pressure_force <35>		
36	integrate <36>		
37	Copy Operation <37>		
38	Copy Operation <38>		
39	Copy Operation <39>		
40	Copy Operation <40>		
41	Copy Operation <41>		
42	Open Operation <42>		
43	update_density <43>		
44	Copy Operation <44>		
45	update_by_pressure_force <45>		
46	Advance Operation <46>		
47	integrate <47>		
48	Copy Operation <48>		
49	Copy Operation <49>		
50	Copy Operation <50>		
51	Open Operation <51>		
52	Copy Operation <52>		
53	Copy Operation <53>		
54	update_density <54>		
55	Copy Operation <55>		
56	update_by_pressure_force <56>		
57	Inter Close Operation <57>		
58	integrate <58>		
59	Copy Operation <59>		
60	Copy Operation <60>		
61	Copy Operation <61>		
62	Copy Operation <62>		
63	Copy Operation <63>		
64	update_density <64>		
65	Copy Operation <65>		
66	update_by_pressure_force <66>		
67	integrate <67>		
68	Copy Operation <68>		
69	Copy Operation <69>		
70	Copy Operation <70>		
71	Copy Operation <71>		
72	Open Operation <72>		
73	Copy Operation <73>		
74	update_density <74>		
75	Copy Operation <75>		
76	update_by_pressure_force <76>		
77	Advance Operation <77>		
78	integrate <78>		
79	Copy Operation <79>		
80	Open Operation <80>		
81	Copy Operation <81>		
82	Copy Operation <82>		
83	Copy Operation <83>		
84	Copy Operation <84>		
85	Inter Close Operation <85>		
86	update_density <86>		
87	Copy Operation <87>		
88	Read Close Operation <88>		
89	update_by_pressure_force <89>		
90	integrate <90>		
91	Inter Close Operation <91>		
92	Copy Operation <92>		
93	Copy Operation <93>		
94	Copy Operation <94>		
95	Read Close Operation <95>		
96	Copy Operation <96>		
97	Copy Operation <97>		
98	update_density <98>		
99	Inter Close Operation <99>		
100	Copy Operation <100>		
101	Read Close Operation <101>		
102	update_by_pressure_force <102>		
103	integrate <103>		
104	Copy Operation <104>		
105	Copy Operation <105>		
106	Copy Operation <106>		
107	Copy Operation <107>		
108	Copy Operation <108>		
109	Inter Close Operation <109>		
110	update_density <110>		
111	Copy Operation <111>		
112	update_by_pressure_force <112>		
113	Inter Close Operation <113>		
114	integrate <114>		
115	Copy Operation <115>		
116	Copy Operation <116>		
117	Copy Operation <117>		
118	Copy Operation <118>		
119	Copy Operation <119>		
120	time_measurement <120>	CPU Processor 0x1d00000000000006	2
121	__binary_int64_int64_- <121>	CPU Processor 0x1d00000000000003	2
122	Open Operation <122>		
123	Advance Operation <123>		
124	Open Operation <124>		
125	Inter Close Operation <125>		
126	Read Close Operation <126>		
127	Open Operation <127>		
128	Advance Operation <128>		
129	Open Operation <129>		
130	Inter Close Operation <130>		
131	Read Close Operation <131>		
132	Inter Close Operation <132>		
133	Read Close Operation <133>		
134	Inter Close Operation <134>		
135	Read Close Operation <135>		
136	Inter Close Operation <136>		
137	Inter Close Operation <137>		
138	Open Operation <138>		
139	Advance Operation <139>		
140	Open Operation <140>		
141	Inter Close Operation <141>		
142	Read Close Operation <142>		
143	Open Operation <143>		
144	Advance Operation <144>		
145	Open Operation <145>		
146	Inter Close Operation <146>		
147	Read Close Operation <147>		
148	Inter Close Operation <148>		
149	Read Close Operation <149>		
150	Inter Close Operation <150>		
151	Read Close Operation <151>		
152	Inter Close Operation <152>		
153	Inter Close Operation <153>		
154	Open Operation <154>		
155	Advance Operation <155>		
156	Open Operation <156>		
157	Inter Close Operation <157>		
158	Read Close Operation <158>		
159	Open Operation <159>		
160	Advance Operation <160>		
161	Open Operation <161>		
162	Inter Close Operation <162>		
163	Read Close Operation <163>		
164	Inter Close Operation <164>		
165	Read Close Operation <165>		
166	Inter Close Operation <166>		
167	Read Close Operation <167>		
168	Inter Close Operation <168>		
169	Inter Close Operation <169>		
170	Open Operation <170>		
171	Advance Operation <171>		
172	Open Operation <172>		
173	Inter Close Operation <173>		
174	Read Close Operation <174>		
175	Open Operation <175>		
176	Advance Operation <176>		
177	Open Operation <177>		
178	Inter Close Operation <178>		
179	Read Close Operation <179>		
180	Inter Close Operation <180>		
181	Read Close Operation <181>		
182	Inter Close Operation <182>		
183	Read Close Operation <183>		
184	Inter Close Operation <184>		
185	Inter Close Operation <185>		
186	Open Operation <186>		
187	Advance Operation <187>		
188	Open Operation <188>		
189	Inter Close Operation <189>		
190	Read Close Operation <190>		
191	Open Operation <191>		
192	Advance Operation <192>		
193	Open Operation <193>		
194	Inter Close Operation <194>		
195	Read Close Operation <195>		
196	Inter Close Operation <196>		
197	Read Close Operation <197>		
198	Inter Close Operation <198>		
199	Read Close Operation <199>		
200	Inter Close Operation <200>		
201	Inter Close Operation <201>		
202	Open Operation <202>		
203	Advance Operation <203>		
204	Open Operation <204>		
205	Inter Close Operation <205>		
206	Read Close Operation <206>		
207	Open Operation <207>		
208	Advance Operation <208>		
209	Open Operation <209>		
210	Inter Close Operation <210>		
211	Read Close Operation <211>		
212	Inter Close Operation <212>		
213	Read Close Operation <213>		
214	Inter Close Operation <214>		
215	Read Close Operation <215>		
216	Inter Close Operation <216>		
217	Inter Close Operation <217>		
218	Open Operation <218>		
219	Advance Operation <219>		
220	Open Operation <220>		
221	Inter Close Operation <221>		
222	Read Close Operation <222>		
223	Open Operation <223>		
224	Advance Operation <224>		
225	Open Operation <225>		
226	Inter Close Operation <226>		
227	Read Close Operation <227>		
228	Inter Close Operation <228>		
229	Read Close Operation <229>		
230	Inter Close Operation <230>		
231	Read Close Operation <231>		
232	Inter Close Operation <232>		
233	Inter Close Operation <233>		
234	Open Operation <234>		
235	Advance Operation <235>		
236	Open Operation <236>		
237	Inter Close Operation <237>		
238	Read Close Operation <238>		
239	Open Operation <239>		
240	Advance Operation <240>		
241	Open Operation <241>		
242	Inter Close Operation <242>		
243	Read Close Operation <243>		
244	Inter Close Operation <244>		
245	Read Close Operation <245>		
246	Inter Close Operation <246>		
247	Read Close Operation <247>		
248	Inter Close Operation <248>		
249	Inter Close Operation <249>		
250	Open Operation <250>		
251	Advance Operation <251>		
252	Open Operation <252>		
253	Inter Close Operation <253>		
254	Read Close Operation <254>		
255	Open Operation <255>		
256	Advance Operation <256>		
257	Open Operation <257>		
258	Inter Close Operation <258>		
259	Read Close Operation <259>		
260	Inter Close Operation <260>		
261	Read Close Operation <261>		
262	Inter Close Operation <262>		
263	Read Close Operation <263>		
264	Inter Close Operation <264>		
265	Inter Close Operation <265>		
266	Read Close Operation <266>		
267	update_density <267>		
268	update_density <268>		
269	update_density <269>		
270	update_density <270>		
271	update_density <271>		
272	update_density <272>		
273	update_density <273>	CPU Processor 0x1d00000000000003	2
274	update_density <274>	CPU Processor 0x1d00000000000006	2
275	update_density <275>	CPU Processor 0x1d00000000000001	2
276	update_density <276>	CPU Processor 0x1d00000000000004	2
277	update_density <277>	CPU Processor 0x1d00000000000002	2
278	update_density <278>	CPU Processor 0x1d00000000000005	3
279	update_by_pressure_force <279>		
280	update_by_pressure_force <280>		
281	update_by_pressure_force <281>		
282	update_by_pressure_force <282>		
283	update_by_pressure_force <283>		
284	update_by_pressure_force <284>		
285	update_by_pressure_force <285>	CPU Processor 0x1d00000000000006	2
286	update_by_pressure_force <286>	CPU Processor 0x1d00000000000002	2
287	update_by_pressure_force <287>	CPU Processor 0x1d00000000000004	2
288	update_by_pressure_force <288>	CPU Processor 0x1d00000000000005	3
289	update_by_pressure_force <289>	CPU Processor 0x1d00000000000001	2
290	update_by_pressure_force <290>	CPU Processor 0x1d00000000000003	2
291	integrate <291>		
292	integrate <292>		
293	integrate <293>		
294	integrate <294>		
295	integrate <295>		
296	integrate <296>		
297	integrate <297>	CPU Processor 0x1d00000000000006	2
298	integrate <298>	CPU Processor 0x1d00000000000002	2
299	integrate <299>	CPU Processor 0x1d00000000000004	2
300	integrate <300>	CPU Processor 0x1d00000000000005	3
301	integrate <301>	CPU Processor 0x1d00000000000005	3
302	integrate <302>	CPU Processor 0x1d00000000000006	2
303	update_density <303>		
304	update_density <304>		
305	update_density <305>		
306	update_density <306>		
307	update_density <307>		
308	update_density <308>		
309	update_density <309>	CPU Processor 0x1d00000000000006	2
310	update_density <310>	CPU Processor 0x1d00000000000004	2
311	update_density <311>	CPU Processor 0x1d00000000000001	2
312	update_density <312>	CPU Processor 0x1d00000000000003	2
313	update_density <313>	CPU Processor 0x1d00000000000002	2
314	update_density <314>	CPU Processor 0x1d00000000000005	3
315	update_by_pressure_force <315>		
316	update_by_pressure_force <316>		
317	update_by_pressure_force <317>		
318	update_by_pressure_force <318>		
319	update_by_pressure_force <319>		
320	update_by_pressure_force <320>		
321	update_by_pressure_force <321>	CPU Processor 0x1d00000000000005	3
322	update_by_pressure_force <322>	CPU Processor 0x1d00000000000004	2
323	update_by_pressure_force <323>	CPU Processor 0x1d00000000000002	2
324	update_by_pressure_force <324>	CPU Processor 0x1d00000000000003	2
325	update_by_pressure_force <325>	CPU Processor 0x1d00000000000001	2
326	update_by_pressure_force <326>	CPU Processor 0x1d00000000000006	2
327	integrate <327>		
328	integrate <328>		
329	integrate <329>		
330	integrate <330>		
331	integrate <331>		
332	integrate <332>		
333	integrate <333>	CPU Processor 0x1d00000000000005	3
334	integrate <334>	CPU Processor 0x1d00000000000003	2
335	integrate <335>	CPU Processor 0x1d00000000000001	2
336	integrate <336>	CPU Processor 0x1d00000000000001	2
337	integrate <337>	CPU Processor 0x1d00000000000001	2
338	integrate <338>	CPU Processor 0x1d00000000000006	2
339	update_density <339>		
340	update_density <340>		
341	update_density <341>		
342	update_density <342>		
343	update_density <343>		
344	update_density <344>		
345	update_density <345>	CPU Processor 0x1d00000000000004	2
346	update_density <346>	CPU Processor 0x1d00000000000005	3
347	update_density <347>	CPU Processor 0x1d00000000000001	2
348	update_density <348>	CPU Processor 0x1d00000000000006	2
349	update_density <349>	CPU Processor 0x1d00000000000003	2
350	update_density <350>	CPU Processor 0x1d00000000000002	2
351	update_by_pressure_force <351>		
352	update_by_pressure_force <352>		
353	update_by_pressure_force <353>		
354	update_by_pressure_force <354>		
355	update_by_pressure_force <355>		
356	update_by_pressure_force <356>		
357	update_by_pressure_force <357>	CPU Processor 0x1d00000000000005	3
358	update_by_pressure_force <358>	CPU Processor 0x1d00000000000002	2
359	update_by_pressure_force <359>	CPU Processor 0x1d00000000000001	2
360	update_by_pressure_force <360>	CPU Processor 0x1d00000000000006	2
361	update_by_pressure_force <361>	CPU Processor 0x1d00000000000003	2
362	update_by_pressure_force <362>	CPU Processor 0x1d00000000000004	2
363	integrate <363>		
364	integrate <364>		
365	integrate <365>		
366	integrate <366>		
367	integrate <367>		
368	integrate <368>		
369	integrate <369>	CPU Processor 0x1d00000000000005	3
370	integrate <370>	CPU Processor 0x1d00000000000002	2
371	integrate <371>	CPU Processor 0x1d00000000000005	3
372	integrate <372>	CPU Processor 0x1d00000000000006	2
373	integrate <373>	CPU Processor 0x1d00000000000003	2
374	integrate <374>	CPU Processor 0x1d00000000000003	2
375	update_density <375>		
376	update_density <376>		
377	update_density <377>		
378	update_density <378>		
379	update_density <379>		
380	update_density <380>		
381	update_density <381>	CPU Processor 0x1d00000000000001	2
382	update_density <382>	CPU Processor 0x1d00000000000006	2
383	update_density <383>	CPU Processor 0x1d00000000000002	2
384	update_density <384>	CPU Processor 0x1d00000000000004	2
385	update_density <385>	CPU Processor 0x1d00000000000005	3
386	update_density <386>	CPU Processor 0x1d00000000000003	2
387	update_by_pressure_force <387>		
388	update_by_pressure_force <388>		
389	update_by_pressure_force <389>		
390	update_by_pressure_force <390>		
391	update_by_pressure_force <391>		
392	update_by_pressure_force <392>		
393	update_by_pressure_force <393>	CPU Processor 0x1d00000000000004	2
394	update_by_pressure_force <394>	CPU Processor 0x1d00000000000001	2
395	update_by_pressure_force <395>	CPU Processor 0x1d00000000000003	2
396	update_by_pressure_force <396>	CPU Processor 0x1d00000000000005	3
397	update_by_pressure_force <397>	CPU Processor 0x1d00000000000006	2
398	update_by_pressure_force <398>	CPU Processor 0x1d00000000000002	2
399	integrate <399>		
400	integrate <400>		
401	integrate <401>		
402	integrate <402>		
403	integrate <403>		
404	integrate <404>		
405	integrate <405>	CPU Processor 0x1d00000000000006	2
406	integrate <406>	CPU Processor 0x1d00000000000005	3
407	integrate <407>	CPU Processor 0x1d00000000000006	2
408	integrate <408>	CPU Processor 0x1d00000000000004	2
409	integrate <409>	CPU Processor 0x1d00000000000006	2
410	integrate <410>	CPU Processor 0x1d00000000000002	2
411	update_density <411>		
412	update_density <412>		
413	update_density <413>		
414	update_density <414>		
415	update_density <415>		
416	update_density <416>		
417	update_density <417>	CPU Processor 0x1d00000000000006	2
418	update_density <418>	CPU Processor 0x1d00000000000001	2
419	update_density <419>	CPU Processor 0x1d00000000000003	2
420	update_density <420>	CPU Processor 0x1d00000000000004	2
421	update_density <421>	CPU Processor 0x1d00000000000005	3
422	update_density <422>	CPU Processor 0x1d00000000000002	2
423	update_by_pressure_force <423>		
424	update_by_pressure_force <424>		
425	update_by_pressure_force <425>		
426	update_by_pressure_force <426>		
427	update_by_pressure_force <427>		
428	update_by_pressure_force <428>		
429	update_by_pressure_force <429>	CPU Processor 0x1d00000000000003	2
430	update_by_pressure_force <430>	CPU Processor 0x1d00000000000004	2
431	update_by_pressure_force <431>	CPU Processor 0x1d00000000000002	2
432	update_by_pressure_force <432>	CPU Processor 0x1d00000000000005	3
433	update_by_pressure_force <433>	CPU Processor 0x1d00000000000006	2
434	update_by_pressure_force <434>	CPU Processor 0x1d00000000000001	2
435	integrate <435>		
436	integrate <436>		
437	integrate <437>		
438	integrate <438>		
439	integrate <439>		
440	integrate <440>		
441	integrate <441>	CPU Processor 0x1d00000000000003	2
442	integrate <442>	CPU Processor 0x1d00000000000002	2
443	integrate <443>	CPU Processor 0x1d00000000000002	2
444	integrate <444>	CPU Processor 0x1d00000000000005	3
445	integrate <445>	CPU Processor 0x1d00000000000006	2
446	integrate <446>	CPU Processor 0x1d00000000000006	2
447	update_density <447>		
448	update_density <448>		
449	update_density <449>		
450	update_density <450>		
451	update_density <451>		
452	update_density <452>		
453	update_density <453>	CPU Processor 0x1d00000000000004	2
454	update_density <454>	CPU Processor 0x1d00000000000006	2
455	update_density <455>	CPU Processor 0x1d00000000000005	3
456	update_density <456>	CPU Processor 0x1d00000000000003	2
457	update_density <457>	CPU Processor 0x1d00000000000001	2
458	update_density <458>	CPU Processor 0x1d00000000000002	2
459	update_by_pressure_force <459>		
460	update_by_pressure_force <460>		
461	update_by_pressure_force <461>		
462	update_by_pressure_force <462>		
463	update_by_pressure_force <463>		
464	update_by_pressure_force <464>		
465	update_by_pressure_force <465>	CPU Processor 0x1d00000000000006	2
466	update_by_pressure_force <466>	CPU Processor 0x1d00000000000001	2
467	update_by_pressure_force <467>	CPU Processor 0x1d00000000000003	2
468	update_by_pressure_force <468>	CPU Processor 0x1d00000000000002	2
469	update_by_pressure_force <469>	CPU Processor 0x1d00000000000005	3
470	update_by_pressure_force <470>	CPU Processor 0x1d00000000000004	2
471	integrate <471>		
472	integrate <472>		
473	integrate <473>		
474	integrate <474>		
475	integrate <475>		
476	integrate <476>		
477	integrate <477>	CPU Processor 0x1d00000000000006	2
478	integrate <478>	CPU Processor 0x1d00000000000005	3
479	integrate <479>	CPU Processor 0x1d00000000000002	2
480	integrate <480>	CPU Processor 0x1d00000000000002	2
481	integrate <481>	CPU Processor 0x1d00000000000006	2
482	integrate <482>	CPU Processor 0x1d00000000000006	2
483	update_density <483>		
484	update_density <484>		
485	update_density <485>		
486	update_density <486>		
487	update_density <487>		
488	update_density <488>		
489	update_density <489>	CPU Processor 0x1d00000000000006	2
490	update_density <490>	CPU Processor 0x1d00000000000003	2
491	update_density <491>	CPU Processor 0x1d00000000000004	2
492	update_density <492>	CPU Processor 0x1d00000000000005	3
493	update_density <493>	CPU Processor 0x1d00000000000001	2
494	update_density <494>	CPU Processor 0x1d00000000000002	2
495	update_by_pressure_force <495>		
496	update_by_pressure_force <496>		
497	update_by_pressure_force <497>		
498	update_by_pressure_force <498>		
499	update_by_pressure_force <499>		
500	update_by_pressure_force <500>		
501	update_by_pressure_force <501>	CPU Processor 0x1d00000000000006	2
502	update_by_pressure_force <502>	CPU Processor 0x1d00000000000005	3
503	update_by_pressure_force <503>	CPU Processor 0x1d00000000000004	2
504	update_by_pressure_force <504>	CPU Processor 0x1d00000000000001	2
505	update_by_pressure_force <505>	CPU Processor 0x1d00000000000003	2
506	update_by_pressure_force <506>	CPU Processor 0x1d00000000000002	2
507	integrate <507>		
508	integrate <508>		
509	integrate <509>		
510	integrate <510>		
511	integrate <511>		
512	integrate <512>		
513	integrate <513>	CPU Processor 0x1d00000000000003	2
514	integrate <514>	CPU Processor 0x1d00000000000005	3
515	integrate <515>	CPU Processor 0x1d00000000000006	2
516	integrate <516>	CPU Processor 0x1d00000000000006	2
517	integrate <517>	CPU Processor 0x1d00000000000003	2
518	integrate <518>	CPU Processor 0x1d00000000000003	2
519	update_density <519>		
520	update_density <520>		
521	update_density <521>		
522	update_density <522>		
523	update_density <523>		
524	update_density <524>		
525	update_density <525>	CPU Processor 0x1d00000000000001	2
526	update_density <526>	CPU Processor 0x1d00000000000004	2
527	update_density <527>	CPU Processor 0x1d00000000000006	2
528	update_density <528>	CPU Processor 0x1d00000000000002	2
529	update_density <529>	CPU Processor 0x1d00000000000003	2
530	update_density <530>	CPU Processor 0x1d00000000000005	3
531	update_by_pressure_force <531>		
532	update_by_pressure_force <532>		
533	update_by_pressure_force <533>		
534	update_by_pressure_force <534>		
535	update_by_pressure_force <535>		
536	update_by_pressure_force <536>		
537	update_by_pressure_force <537>	CPU Processor 0x1d00000000000003	2
538	update_by_pressure_force <538>	CPU Processor 0x1d00000000000006	2
539	update_by_pressure_force <539>	CPU Processor 0x1d00000000000005	3
540	update_by_pressure_force <540>	CPU Processor 0x1d00000000000002	2
541	update_by_pressure_force <541>	CPU Processor 0x1d00000000000004	2
542	update_by_pressure_force <542>	CPU Processor 0x1d00000000000001	2
543	integrate <543>		
544	integrate <544>		
545	integrate <545>		
546	integrate <546>		
547	integrate <547>		
548	integrate <548>		
549	integrate <549>	CPU Processor 0x1d00000000000001	2
550	integrate <550>	CPU Processor 0x1d00000000000002	2
551	integrate <551>	CPU Processor 0x1d00000000000006	2
552	integrate <552>	CPU Processor 0x1d00000000000004	2
553	integrate <553>	CPU Processor 0x1d00000000000004	2
554	integrate <554>	CPU Processor 0x1d00000000000001	2
555	update_density <555>		
556	update_density <556>		
557	update_density <557>		
558	update_density <558>		
559	update_density <559>		
560	update_density <560>		
561	update_density <561>	CPU Processor 0x1d00000000000005	3
562	update_density <562>	CPU Processor 0x1d00000000000004	2
563	update_density <563>	CPU Processor 0x1d00000000000006	2
564	update_density <564>	CPU Processor 0x1d00000000000003	2
565	update_density <565>	CPU Processor 0x1d00000000000001	2
566	update_density <566>	CPU Processor 0x1d00000000000002	2
567	update_by_pressure_force <567>		
568	update_by_pressure_force <568>		
569	update_by_pressure_force <569>		
570	update_by_pressure_force <570>		
571	update_by_pressure_force <571>		
572	update_by_pressure_force <572>		
573	update_by_pressure_force <573>	CPU Processor 0x1d00000000000002	2
574	update_by_pressure_force <574>	CPU Processor 0x1d00000000000003	2
575	update_by_pressure_force <575>	CPU Processor 0x1d00000000000006	2
576	update_by_pressure_force <576>	CPU Processor 0x1d00000000000001	2
577	update_by_pressure_force <577>	CPU Processor 0x1d00000000000004	2
578	update_by_pressure_force <578>	CPU Processor 0x1d00000000000005	3
579	integrate <579>		
580	integrate <580>		
581	integrate <581>		
582	integrate <582>		
583	integrate <583>		
584	integrate <584>		
585	integrate <585>	CPU Processor 0x1d00000000000004	2
586	integrate <586>	CPU Processor 0x1d00000000000004	2
587	integrate <587>	CPU Processor 0x1d00000000000004	2
588	integrate <588>	CPU Processor 0x1d00000000000005	3
589	integrate <589>	CPU Processor 0x1d00000000000004	2
590	integrate <590>	CPU Processor 0x1d00000000000005	3
591	update_density <591>		
592	update_density <592>		
593	update_density <593>		
594	update_density <594>		
595	update_density <595>		
596	update_density <596>		
597	update_density <597>	CPU Processor 0x1d00000000000005	3
598	update_density <598>	CPU Processor 0x1d00000000000004	2
599	update_density <599>	CPU Processor 0x1d00000000000003	2
600	update_density <600>	CPU Processor 0x1d00000000000001	2
601	update_density <601>	CPU Processor 0x1d00000000000002	2
602	update_density <602>	CPU Processor 0x1d00000000000006	2
603	update_by_pressure_force <603>		
604	update_by_pressure_force <604>		
605	update_by_pressure_force <605>		
606	update_by_pressure_force <606>		
607	update_by_pressure_force <607>		
608	update_by_pressure_force <608>		
609	update_by_pressure_force <609>	CPU Processor 0x1d00000000000005	3
610	update_by_pressure_force <610>	CPU Processor 0x1d00000000000006	2
611	update_by_pressure_force <611>	CPU Processor 0x1d00000000000001	2
612	update_by_pressure_force <612>	CPU Processor 0x1d00000000000004	2
613	update_by_pressure_force <613>	CPU Processor 0x1d00000000000002	2
614	update_by_pressure_force <614>	CPU Processor 0x1d00000000000003	2
615	integrate <615>		
616	integrate <616>		
617	integrate <617>		
618	integrate <618>		
619	integrate <619>		
620	integrate <620>		
621	integrate <621>	CPU Processor 0x1d00000000000004	2
622	integrate <622>	CPU Processor 0x1d00000000000005	3
623	integrate <623>	CPU Processor 0x1d00000000000001	2
624	integrate <624>	CPU Processor 0x1d00000000000004	2
625	integrate <625>	CPU Processor 0x1d00000000000003	2
626	integrate <626>	CPU Processor 0x1d00000000000005	3
627	Deletion Operation <627>		
628	Deletion Operation <628>		
1297080155919	Operation <1297080155919>		
64424509440	Operation <64424509440>		
1786706395136	Operation <1786706395136>		
420906795008	Operation <420906795008>		
515396075520	Operation <515396075520>		
2057289367311	Operation <2057289367311>		
77309411328	Operation <77309411328>		
103079215104	Operation <103079215104>		
6	Fill Operation <6>		
31	Copy Operation <31>		
1760936591360	Operation <1760936591360>		
1344324763648	Operation <1344324763648>		
12884901888	Operation <12884901888>		
1692217147151	Operation <1692217147151>		
2207613190144	Operation <2207613190144>		
1859720871695	Operation <1859720871695>		
4294999823	Operation <4294999823>		
231928233984	Operation <231928233984>		
111669149696	Operation <111669149696>		
0	Operation <0>		
450971566080	Operation <450971566080>		
2323577339663	Operation <2323577339663>		
369367187456	Operation <369367187456>		
519691042816	Operation <519691042816>		
115964116992	Operation <115964116992>		
2362232045327	Operation <2362232045327>		
472446402560	Operation <472446402560>		
1606317801231	Operation <1606317801231>		
17179869184	Operation <17179869184>		
317827579904	Operation <317827579904>		
2018634661647	Operation <2018634661647>		
1902670512128	Operation <1902670512128>		
1232655613952	Operation <1232655613952>		
1649267474191	Operation <1649267474191>		
1438814044160	Operation <1438814044160>		
1395864403727	Operation <1395864403727>		
1580547964928	Operation <1580547964928>		
292057776128	Operation <292057776128>		
2164663549711	Operation <2164663549711>		
60129542144	Operation <60129542144>		
1550483226383	Operation <1550483226383>		
141733920768	Operation <141733920768>		
